id,Url,Age,Color,Pattern,Size,Formal
1,https://ipfs.io/ipfs/bafkreib5k5mdj7azqxbumkipebxx6fzt2haoef5vczkmqeu47uaonurfau,"3, 20, 20","5, 20, 20","1, 20, 20","3, 20, 20","3, 20, 20"
2,https://ipfs.io/ipfs/bafkreihfh7bkqyzet2x7h7dnv6iginws5zfqwqrkezh6ymgkrh4rieigvy,"4, 20, 20","5, 20, 20","1, 20, 20","3, 20, 20","4, 20, 20"
3,https://ipfs.io/ipfs/bafkreiguzmjrjoj7zx4bueqdr46txnrzkn33qladbbmluplejzjktzz5oe,"2, 20, 20","5, 20, 20","1, 20, 20","3, 20, 20","3, 20, 20"
4,https://ipfs.io/ipfs/bafkreiacxkv7ryv7abglurfujf5tsdclffxrw5dum22fy77i5rg5ydufki,"2, 20, 20","5, 20, 20","1, 20, 20","2, 20, 20","3, 20, 20"
5,https://ipfs.io/ipfs/bafkreiehewcidxbiohgmpsjpoxqkfdc6tsvkvlpmspr5mrtohuzm6k44ku,"2, 20, 20","4, 20, 20","1, 20, 20","3, 20, 20","3, 20, 20"
6,https://ipfs.io/ipfs/bafkreiffe7kynfojrzm4qwjmtog2lnstipno2ewcnlgs3bza3ytgyp2hbu,"2, 20, 20","5, 20, 20","3, 20, 20","2, 20, 20","2, 20, 20"
7,https://ipfs.io/ipfs/bafkreiejebocso2xl4fkorfeelkzkyvweq6xbhor5mpodgjakusswi7a4a,"2, 20, 20","3, 20, 20","1, 20, 20","2, 20, 20","2, 20, 20"
8,https://ipfs.io/ipfs/bafkreie3v6b4oy3miywahzyf5z5b7yf5lcd2k5zhj5lmogjg3nuaw43rdu,"2, 20, 20","2, 20, 20","1, 20, 20","3, 20, 20","1, 20, 20"
9,https://ipfs.io/ipfs/bafkreibxyshlpuwd5p27ftcymggd5jdil2bkpl6723iysafdtlmdv3q554,"2, 20, 20","5, 20, 20","2, 20, 20","2, 20, 20","1, 20, 20"
10,https://ipfs.io/ipfs/bafkreihafyd467ozdv7xf4ao6eh2herjtchqcn77alviqdjvvemnzato5m,"1, 20, 20","4, 20, 20","3, 20, 20","2, 20, 20","2, 20, 20"
11,https://ipfs.io/ipfs/bafkreihiqlrud3psju5qgcok7ibel5ukwfelbbp7f3f73tsxeusuc5tcwq,"2, 20, 20","3, 20, 20","1, 20, 20","2, 20, 20","3, 20, 20"
12,https://ipfs.io/ipfs/bafkreibystiqrwammhqegar5oc67xdoq4cifqutd5mzqzuwmxw4wcqfqnq,"2, 20, 20","2, 20, 20","2, 20, 20","3, 20, 20","3, 20, 20"
13,https://ipfs.io/ipfs/bafkreiaiiqvajeu4q6ndmioewynika32atios3rtn4yfrtmqu4dspzstyu,"2, 20, 20","1, 20, 20","2, 20, 20","2, 20, 20","2, 20, 20"
14,https://ipfs.io/ipfs/bafkreihc5gzcs5l5k34ai3axafmhme7v2ngjtadlyzhwa6mibymbqy4hku,"2, 20, 20","2, 20, 20","3, 20, 20","2, 20, 20","2, 20, 20"
15,https://ipfs.io/ipfs/bafkreihtt73nz6apfbulnxqqbma4lvlw2od3hdxapjgbdv4oj4l2a5vjma,"3, 20, 20","2, 20, 20","3, 20, 20","2, 20, 20","4, 20, 20"
16,https://ipfs.io/ipfs/bafkreihno6e6ahxkzevl3xjx2u45pco3zs2ckyboty46guqxnzwkppytsy,"2, 20, 20","5, 20, 20","2, 20, 20","2, 20, 20","2, 20, 20"
17,https://ipfs.io/ipfs/bafkreifljcdryehnw4m5mdss6olk5qtt5y2j5eay75v3qdybgusqntdc34,"2, 20, 20","1, 20, 20","2, 20, 20","2, 20, 20","2, 20, 20"
18,https://ipfs.io/ipfs/bafkreibylii74ejyocfze4k3hhitp5o5wp7ortvfgosxrlr3qxlx7nq6su,"2, 20, 20","2, 20, 20","1, 20, 20","3, 20, 20","3, 20, 20"
19,https://ipfs.io/ipfs/bafkreigt5x333otchu7in7j42efq5rrjpkicsw3dsggutsdrqq23zu54we,"3, 20, 20","2, 20, 20","3, 20, 20","2, 20, 20","4, 20, 20"
20,https://ipfs.io/ipfs/bafkreib5jwe5m4np5zjqz5z5m4tnrcyyvqmrtgivllcexhijxltlac6h7y,"2, 20, 20","5, 20, 20","3, 20, 20","2, 20, 20","2, 20, 20"
21,https://ipfs.io/ipfs/bafkreiehl5fyjeue3yhh5pw2qrpnm4t334g6bb3jcbzfslkopxs5mh3aza,"2, 20, 20","5, 20, 20","2, 20, 20","3, 20, 20","3, 20, 20"
22,https://ipfs.io/ipfs/bafkreiclymnt3naaxuzwfezltvkx7k3x2nzypw64chxx2dh7fx32lkiwqa,"3, 20, 20","2, 20, 20","3, 20, 20","2, 20, 20","3, 20, 20"
23,https://ipfs.io/ipfs/bafkreig7updeorfzqymsb542hkakpvtk4eo3pb7zs7xsffmsm37ind23hy,"3, 20, 20","4, 20, 20","3, 20, 20","2, 20, 20","4, 20, 20"
24,https://ipfs.io/ipfs/bafkreiamm7kpexadrlijydehoxirm637trm6pjxc3yyo4zdikgiosbqp7u,"2, 20, 20","5, 20, 20","2, 20, 20","2, 20, 20","2, 20, 20"
25,https://ipfs.io/ipfs/bafkreicijirlhsjojyqrziz7wfjwkux6sc3kxcuos2r7cqzqp2xfnmsshi,"2, 20, 20","4, 20, 20","1, 20, 20","2, 20, 20","3, 20, 20"
26,https://ipfs.io/ipfs/bafkreihnd7hqrn4mxcdntye4iuodqi2xu4djcy5icyj2k76pm5htekc2ba,"2, 20, 20","5, 20, 20","3, 20, 20","2, 20, 20","2, 20, 20"
27,https://ipfs.io/ipfs/bafkreiewsteoulu7ffmad2ubamkos6vpfprnzsx5teu27bi2duk6ddfdme,"2, 20, 20","4, 20, 20","1, 20, 20","2, 20, 20","4, 20, 20"
28,https://ipfs.io/ipfs/bafkreicdppegy7v6lxn4nkye6sn2fadvxnmuq2ltzg2jzsidk3zybfv574,"2, 20, 20","5, 20, 20","2, 20, 20","2, 20, 20","3, 20, 20"
29,https://ipfs.io/ipfs/bafkreiaruwr7qao7urs5unth57uquqjvse4uxgritjsehh2gfnuwrsanbq,"2, 20, 20","1, 20, 20","1, 20, 20","2, 20, 20","4, 20, 20"
30,https://ipfs.io/ipfs/bafkreiesepiclzlqljk4crvenp77ogbjmglgzgbeyrcf2ptrrnhf4w3zli,"2, 20, 20","3, 20, 20","1, 20, 20","2, 20, 20","2, 20, 20"
31,https://ipfs.io/ipfs/bafkreiaukr6ywtroxfsimyzie7qso4xub4tacqzvuqwy6h2g56ggiwchoa,"2, 20, 20","2, 20, 20","3, 20, 20","2, 20, 20","4, 20, 20"
32,https://ipfs.io/ipfs/bafkreianlp2glqbgumvleugah5jjkkse3dgnm64odf4lq76ft2b2nqc6ke,"2, 20, 20","3, 20, 20","3, 20, 20","3, 20, 20","2, 20, 20"
33,https://ipfs.io/ipfs/bafkreiec7dbtyqg5rxxw55vx2rw26g5u6luoxru3ptt6shsvf6hp5clkxe,"1, 20, 20","3, 20, 20","2, 20, 20","2, 20, 20","2, 20, 20"
34,https://ipfs.io/ipfs/bafkreifvvgsjoxafojf5h2zxllf6fgml4liwc5bimc6lmesnx5wzh3vipe,"3, 20, 20","5, 20, 20","2, 20, 20","2, 20, 20","4, 20, 20"
35,https://ipfs.io/ipfs/bafkreidtt2yjd2yyif7dr63xc4odxbyltuqwpvjapqgb6dmblnq2qhufsy,"2, 20, 20","5, 20, 20","2, 20, 20","3, 20, 20","2, 20, 20"
36,https://ipfs.io/ipfs/bafkreiguk3m2f3om25m4h7ai27y5ltafq4rwp5qjvurcpdys7qzmqwt6zu,"2, 20, 20","2, 20, 20","3, 20, 20","2, 20, 20","2, 20, 20"
37,https://ipfs.io/ipfs/bafkreiezgejyvputpazz4yheffjkvcobnminuvq3kcaz64ticwppsvstpe,"2, 20, 20","2, 20, 20","3, 20, 20","2, 20, 20","4, 20, 20"
38,https://ipfs.io/ipfs/bafkreicruqz2saaglkj46nu7obsodsrj2h6xna7rhsmty5zif5s7o4uknm,"2, 20, 20","3, 20, 20","3, 20, 20","2, 20, 20","2, 20, 20"
39,https://ipfs.io/ipfs/bafkreifat7ydjyenzixa3rui2dv557lcviz3yb3ym4mnehk7vqxn357zee,"2, 20, 20","1, 20, 20","3, 20, 20","2, 20, 20","2, 20, 20"
40,https://ipfs.io/ipfs/bafkreiew7tjdnupf2qm2nbgx3c2gsz4mtubunibufzjbynwg54ex7kkc2y,"3, 20, 20","2, 20, 20","3, 20, 20","2, 20, 20","3, 20, 20"
41,https://ipfs.io/ipfs/bafkreiga3zpnr7lqn6iu7f4x4k4swq2s2d2kouwqinqlj4aj7obfh65ml4,"2, 20, 20","3, 20, 20","3, 20, 20","2, 20, 20","1, 20, 20"
42,https://ipfs.io/ipfs/bafkreidctdfwboqptty565mvc3gqq6dqlfzw7nf72jbg2zjbchsrcezqk4,"2, 20, 20","2, 20, 20","3, 20, 20","2, 20, 20","1, 20, 20"
43,https://ipfs.io/ipfs/bafkreic4anpkqvqequhsefmimmtlkkoguxnm3hakjuwa5zobxa65t7ovsy,"1, 20, 20","5, 20, 20","3, 20, 20","2, 20, 20","2, 20, 20"
44,https://ipfs.io/ipfs/bafkreiahyx646cadkdzme4kw4aa6eodzfohz5wpo6624lxfizjelcdcry4,"3, 20, 20","3, 20, 20","1, 20, 20","2, 20, 20","3, 20, 20"
45,https://ipfs.io/ipfs/bafkreifwojcmiz3xsfidqn2ytxsbqeujtaumiqjzwovcbyfprjcaooujgu,"3, 20, 20","2, 20, 20","3, 20, 20","2, 20, 20","3, 20, 20"
46,https://ipfs.io/ipfs/bafkreidvti35z735xcpg3i6rmvlq532ub2i3njjglr7an23j7tfmljluga,"2, 20, 20","1, 20, 20","3, 20, 20","2, 20, 20","2, 20, 20"
47,https://ipfs.io/ipfs/bafkreiahiin6tyx72aj4ds3d5cietarylsyfwaycpoxhuq2vbzwzrc4vji,"2, 20, 20","1, 20, 20","3, 20, 20","2, 20, 20","2, 20, 20"
48,https://ipfs.io/ipfs/bafkreiczuqrv3kdrlxzqidwx3gs7hwyztqxhdgdbggng6yhmd3jqhtlzuu,"2, 20, 20","5, 20, 20","3, 20, 20","2, 20, 20","2, 20, 20"
49,https://ipfs.io/ipfs/bafkreiejhcrb72zhovhwn5wk2rpzu36p5k3rdaddqwkhqxrhxgqruc7bdu,"2, 20, 20","4, 20, 20","3, 20, 20","3, 20, 20","1, 20, 20"
50,https://ipfs.io/ipfs/bafkreiea2lyqvjjmgo3gn7mlydjokhvddh3vnxdneocy2yio2dcmawlqfe,"2, 20, 20","3, 20, 20","3, 20, 20","1, 20, 20","2, 20, 20"
51,https://ipfs.io/ipfs/bafkreib4hzwhijqb6hiacw3gjqqsfhhybuyafajebj53ifughsdlrzzsoy,"2, 20, 20","2, 20, 20","3, 20, 20","2, 20, 20","1, 20, 20"
52,https://ipfs.io/ipfs/bafkreigdvpgqxuyrye5lfx44yfdhg3vminolfbpzxsij2d5b2dl53trf5q,"2, 20, 20","1, 20, 20","3, 20, 20","2, 20, 20","2, 20, 20"
53,https://ipfs.io/ipfs/bafkreifdiwgs4bnyswkufwdcj2qidoailpleg7mtvv2uw4da2sqly4otma,"2, 20, 20","1, 20, 20","3, 20, 20","2, 20, 20","2, 20, 20"
54,https://ipfs.io/ipfs/bafkreif2txre5d6zpfsuddhlhkzrqr3ihqafd2bytgkbcje3gy242tqwsq,"3, 20, 20","5, 20, 20","2, 20, 20","3, 20, 20","2, 20, 20"
55,https://ipfs.io/ipfs/bafkreiautsyup6jul6wiwmsdwafp67jbdx5ndw7nqfmbibdsrud7ejy6pm,"1, 20, 20","5, 20, 20","3, 20, 20","2, 20, 20","2, 20, 20"
56,https://ipfs.io/ipfs/bafkreiar5lbaf54lp7rnschgzdhnb3f7rrlrv2x4fdohuzqpyfpeedq7zu,"2, 20, 20","5, 20, 20","3, 20, 20","1, 20, 20","3, 20, 20"
57,https://ipfs.io/ipfs/bafkreibgjz5oaz55eeszfby7unpnki7p4rnj64z6wgh64nr7fnlund6lzi,"3, 20, 20","3, 20, 20","3, 20, 20","2, 20, 20","4, 20, 20"
58,https://ipfs.io/ipfs/bafkreigk4y7psvej2gdb64kisufj2movhldko6vfxlv3exd77bcza4keqq,"2, 20, 20","4, 20, 20","1, 20, 20","2, 20, 20","2, 20, 20"
59,https://ipfs.io/ipfs/bafkreig62n3m63ifh7ibswn6cdcx3r4knh7obbjlw25zzzpxgrvwymko4y,"2, 20, 20","5, 20, 20","1, 20, 20","2, 20, 20","3, 20, 20"
60,https://ipfs.io/ipfs/bafkreihukek647hoibuqrmqboe5jnfnnh6crpoothzszsqbjw3mxbpuxoq,"2, 20, 20","5, 20, 20","3, 20, 20","2, 20, 20","2, 20, 20"
61,https://ipfs.io/ipfs/bafkreib5jadatc53vsnxsd5k5cfl5y4acersybbu4dqfquuivibvbouvme,"2, 20, 20","5, 20, 20","2, 20, 20","2, 20, 20","2, 20, 20"
62,https://ipfs.io/ipfs/bafkreicqvnyfh7p4cu4tztguo6hmw335q6efgckt37fmdk2725keevb5te,"2, 20, 20","4, 20, 20","2, 20, 20","2, 20, 20","2, 20, 20"
63,https://ipfs.io/ipfs/bafkreiggdljbgdvhkz4xjnuiqdy7vbccfqbrb4k3tojcsuz52f5xbqibr4,"2, 20, 20","5, 20, 20","2, 20, 20","1, 20, 20","2, 20, 20"
64,https://ipfs.io/ipfs/bafkreifehb7gkvq4ssu7wp6edxtzzgied6gd44l4ndcngcd2dymqigqcs4,"2, 20, 20","3, 20, 20","1, 20, 20","2, 20, 20","3, 20, 20"
65,https://ipfs.io/ipfs/bafkreiefouktayuhc2jvsf4xh6fdgl4xizimagi2uuvauk3zkku6nd2bxi,"2, 20, 20","2, 20, 20","3, 20, 20","3, 20, 20","2, 20, 20"
66,https://ipfs.io/ipfs/bafkreidpec2yhcwkiyediqrritll4mlfikhx3l4zy3ykm3t2sn6m5rdxqm,"3, 20, 20","5, 20, 20","3, 20, 20","2, 20, 20","3, 20, 20"
67,https://ipfs.io/ipfs/bafkreiaxdkk4p3tetwnqdnwt362bdd3xk5qiumf55g4pi4j25w4emnfoge,"2, 20, 20","5, 20, 20","2, 20, 20","2, 20, 20","2, 20, 20"
68,https://ipfs.io/ipfs/bafkreiesucmb6hiqkxl5hsjala2mgrqxmtmcbircrh3wtyskdau3e63rue,"1, 20, 20","2, 20, 20","3, 20, 20","2, 20, 20","1, 20, 20"
69,https://ipfs.io/ipfs/bafkreiekmlwxujhtzi2qzvxwwnqpatvhy5v4ggtbvxip4h4apgwtvbyhlq,"3, 20, 20","4, 20, 20","2, 20, 20","2, 20, 20","4, 20, 20"
70,https://ipfs.io/ipfs/bafkreid2cy2ehgtkb7eqv62nnuylv5pq23uswn735por3j6awngup2evrq,"2, 20, 20","3, 20, 20","1, 20, 20","3, 20, 20","3, 20, 20"
71,https://ipfs.io/ipfs/bafkreibqkhfns7i7jejqgugl2klsolc4k2rp3yq5k5mfy437aurfcb4kk4,"2, 20, 20","5, 20, 20","3, 20, 20","2, 20, 20","2, 20, 20"
72,https://ipfs.io/ipfs/bafkreicyldilrvrlearfwcyzhvwfie2b4i5gecp3nxiljzonuojc734cr4,"3, 20, 20","5, 20, 20","1, 20, 20","2, 20, 20","3, 20, 20"
73,https://ipfs.io/ipfs/bafkreiaumx4hgnhfa3r2wyytjto7bfaz6v7yrs2txl23n2p4pv2lcfiy6i,"2, 20, 20","5, 20, 20","1, 20, 20","2, 20, 20","3, 20, 20"
74,https://ipfs.io/ipfs/bafkreihsrnkaxgk55xbocz63qoierlstiilz5hiqpui4zha4qtefia2ggm,"2, 20, 20","1, 20, 20","3, 20, 20","3, 20, 20","3, 20, 20"
75,https://ipfs.io/ipfs/bafkreievo66nlxjev6wy5ngt4y24ad7fbm5rgw3exd5qmpcbfiavapva3m,"2, 20, 20","4, 20, 20","3, 20, 20","3, 20, 20","2, 20, 20"
76,https://ipfs.io/ipfs/bafkreieohf5zhkolsl74evdli5urk26mgpi47hsvlr2xeq2mnmqeshadfe,"3, 20, 20","4, 20, 20","1, 20, 20","3, 20, 20","4, 20, 20"
77,https://ipfs.io/ipfs/bafkreiej46rto2gte23cn4hlyr3ji7iwvnuxeybi4mhvdxv22auuh6ovei,"3, 20, 20","2, 20, 20","1, 20, 20","2, 20, 20","3, 20, 20"
78,https://ipfs.io/ipfs/bafkreifxmquzvj6mqvqwktw4itckhnhnp6j3j33op3ia2hcbgqqkzrnemy,"1, 20, 20","2, 20, 20","2, 20, 20","3, 20, 20","2, 20, 20"
79,https://ipfs.io/ipfs/bafkreic5jsjy4rs2cwysbpm7a6og2n2obyjynk6qqfxrfyttqhfue4qwae,"3, 20, 20","5, 20, 20","2, 20, 20","2, 20, 20","3, 20, 20"
80,https://ipfs.io/ipfs/bafkreietqwoo7dcszdl2nuu6imwlnzi2tos4iogaa3rtupvjn46ox6qm7q,"1, 20, 20","5, 20, 20","1, 20, 20","2, 20, 20","2, 20, 20"
81,https://ipfs.io/ipfs/bafkreifgw53wxjc3v7hrj5trplxmlofqxehhmfrvq5ugk45d6gqdweemha,"2, 20, 20","4, 20, 20","3, 20, 20","2, 20, 20","2, 20, 20"
82,https://ipfs.io/ipfs/bafkreihv6lfb6ijriqlwulrgucrfzzr2uufskzhqmojkmluo4dc7mhiuyu,"2, 20, 20","5, 20, 20","1, 20, 20","2, 20, 20","3, 20, 20"
83,https://ipfs.io/ipfs/bafkreiee6ijauenir2gzrn2pc7ltbdvklwkkgv5ym3wggla7l7yertgffm,"2, 20, 20","1, 20, 20","3, 20, 20","2, 20, 20","2, 20, 20"
84,https://ipfs.io/ipfs/bafkreiez5m72sam2jgrnghggrrbbltdwkhkh2kakfmczwrasgubm7jmtyu,"3, 20, 20","4, 20, 20","3, 20, 20","2, 20, 20","2, 20, 20"
85,https://ipfs.io/ipfs/bafkreihif4o5m5rruuvzsnoialbylddgbi2cowwprg5qighjz22d6swhoa,"3, 20, 20","4, 20, 20","3, 20, 20","2, 20, 20","2, 20, 20"
86,https://ipfs.io/ipfs/bafkreiem6p43ga7sxkpqnzydjb7etw6lthmbpuckholehqgnqd4il4k2qe,"2, 20, 20","4, 20, 20","3, 20, 20","3, 20, 20","3, 20, 20"
87,https://ipfs.io/ipfs/bafkreibykbubwovpd7ngrbr7lm24n3hddrjnvk5vjojpj2fk7mkx5na6vy,"3, 20, 20","4, 20, 20","3, 20, 20","2, 20, 20","4, 20, 20"
88,https://ipfs.io/ipfs/bafkreidz66ngrphxnnpmuq5zavayblc22llhain4hlkch32unkhapev5y4,"2, 20, 20","2, 20, 20","2, 20, 20","2, 20, 20","3, 20, 20"
89,https://ipfs.io/ipfs/bafkreieg3dsgxidha2ukwaz5ievcazcs2zcjniz7y2qiw47qexnkldbuky,"2, 20, 20","4, 20, 20","3, 20, 20","2, 20, 20","2, 20, 20"
90,https://ipfs.io/ipfs/bafkreicj6t4mc5deulz4oskfnpnctynkn4vv72siyc6bhx7djqjkotlxj4,"2, 20, 20","5, 20, 20","3, 20, 20","2, 20, 20","2, 20, 20"
91,https://ipfs.io/ipfs/bafkreic2ki5opbsghcnhve3u6h2e7drlw77u4db6w77qfhxfc34pllg3ni,"2, 20, 20","4, 20, 20","3, 20, 20","2, 20, 20","2, 20, 20"
92,https://ipfs.io/ipfs/bafkreidt6hbnsz2dhwyu4ceqe3apvakueprf2g3ss5iuxgkzoeezgojwu4,"1, 20, 20","5, 20, 20","1, 20, 20","2, 20, 20","3, 20, 20"
93,https://ipfs.io/ipfs/bafkreifgncmrwvudmw74u234y6cxc6txvo6jizzv7asebtv2bwia6o4zdi,"1, 20, 20","3, 20, 20","3, 20, 20","2, 20, 20","2, 20, 20"
94,https://ipfs.io/ipfs/bafkreifqouwp5oimpd6mub734qb2uwultyox2rdgxe5g7ighcheulikdxu,"2, 20, 20","4, 20, 20","1, 20, 20","2, 20, 20","3, 20, 20"
95,https://ipfs.io/ipfs/bafkreifbo6vaumzzbphzkn5drjkd3cdrv7mj45dmleuugkxm32fkot5fiq,"2, 20, 20","5, 20, 20","1, 20, 20","3, 20, 20","2, 20, 20"
96,https://ipfs.io/ipfs/bafkreibqkdqcvdumdvvn4q4nacqs65ybrdpjj2esk2padzoc6xezwqa7nu,"2, 20, 20","5, 20, 20","3, 20, 20","2, 20, 20","1, 20, 20"
97,https://ipfs.io/ipfs/bafkreigvo2xuknakpcdaxms5n6q3ir5pjhnqppzrdvwfz7xsyke6deqr5q,"2, 20, 20","1, 20, 20","3, 20, 20","1, 20, 20","2, 20, 20"
98,https://ipfs.io/ipfs/bafkreihbdg727ii5taa5iitbrdgdij7nkt266tbvew5yzl47uxrg3x2l5q,"2, 20, 20","4, 20, 20","1, 20, 20","2, 20, 20","3, 20, 20"
99,https://ipfs.io/ipfs/bafkreigppa6nroutomb4dnbvc7fhas5izxfovtamwqshncqztzsdv2gp7a,"3, 20, 20","1, 20, 20","1, 20, 20","2, 20, 20","4, 20, 20"
100,https://ipfs.io/ipfs/bafkreiazvb2hnowpxnqosjkf3mbosp5akgdqlf3kc4a445u7am6ozt7s5m,"2, 20, 20","5, 20, 20","3, 20, 20","2, 20, 20","2, 20, 20"
101,http://assets.myntassets.com/v1/images/style/properties/7a5b82d1372a7a5c6de67ae7a314fd91_images.jpg,"2, 3, 20","2, 3, 20","3, 20, 20","2, 20, 20","2, 20, 20"
102,http://assets.myntassets.com/v1/images/style/properties/4850873d0c417e6480a26059f83aac29_images.jpg,"2, 3, 20","3, 4, 20","3, 20, 20","2, 20, 20","2, 3, 20"
103,http://assets.myntassets.com/v1/images/style/properties/8153dc35d9a5420eeb93922067137db6_images.jpg,"2, 3, 20","5, 20, 20","2, 20, 20","1, 20, 20","1, 2, 20"
104,http://assets.myntassets.com/v1/images/style/properties/Puma-Men-Grey-T-shirt_32668f8a61454d0cc028a808cf21b383_images.jpg,"3, 20, 20","2, 20, 20","1, 20, 20","1, 20, 20","2, 20, 20"
105,http://assets.myntassets.com/v1/images/style/properties/9c1b19682ecf926c296f520d5d6e0972_images.jpg,"2, 3, 20","2, 3, 20","3, 20, 20","2, 20, 20","2, 20, 20"
106,http://assets.myntassets.com/v1/images/style/properties/06e9d4231254fdb2c7fe967ad413ad7b_images.jpg,"3, 20, 20","2, 3, 20","3, 20, 20","2, 3, 20","3, 20, 20"
107,http://assets.myntassets.com/v1/images/style/properties/8bc9be576081baae77e8561b1132288f_images.jpg,"3, 20, 20","3, 4, 20","3, 20, 20","2, 20, 20","3, 20, 20"
108,http://assets.myntassets.com/v1/images/style/properties/59912a0287751ff0475c8748dbcf4ea0_images.jpg,"2, 3, 20","1, 2, 20","1, 2, 20","2, 20, 20","2, 3, 20"
109,http://assets.myntassets.com/v1/images/style/properties/296a8c388d05d67346db88af27d3b763_images.jpg,"2, 3, 20","5, 20, 20","2, 20, 20","2, 20, 20","2, 20, 20"
110,http://assets.myntassets.com/v1/images/style/properties/3af9f145845d8453a066322de35980af_images.jpg,"2, 3, 20","5, 20, 20","2, 20, 20","1, 2, 20","3, 20, 20"
111,http://assets.myntassets.com/v1/images/style/properties/John-Players-Men-Brown-Shirt_7eec3b0568f65dc8f39a534376538551_images.jpg,"2, 3, 20","3, 4, 20","3, 20, 20","1, 2, 20","2, 3, 20"
112,http://assets.myntassets.com/v1/images/style/properties/0d2e2ceaaf6d09d447caad678b2edbe6_images.jpg,"3, 4, 20","1, 3, 20","2, 20, 20","2, 20, 20","4, 20, 20"
113,http://assets.myntassets.com/v1/images/style/properties/5e557eb0be7c6420f7c7a6bbaa432993_images.jpg,"3, 4, 20","1, 3, 20","3, 20, 20","2, 20, 20","3, 4, 20"
114,http://assets.myntassets.com/v1/images/style/properties/02e4e32cd9d09052f0ec3d46fa747d39_images.jpg,"2, 3, 20","1, 2, 4","3, 20, 20","2, 20, 20","2, 20, 20"
115,http://assets.myntassets.com/v1/images/style/properties/1aae016d0abb224cfc18e6bd9bb01ad1_images.jpg,"1, 2, 20","1, 4, 20","3, 20, 20","2, 20, 20","1, 2, 20"
116,http://assets.myntassets.com/v1/images/style/properties/b34550bc6415dcd66892de4ef2837fd9_images.jpg,"2, 3, 20","4, 5, 20","3, 20, 20","2, 20, 20","2, 20, 20"
117,http://assets.myntassets.com/v1/images/style/properties/cd16e955e4b6b3f9d7089c15652a3f00_images.jpg,"2, 3, 20","5, 20, 20","2, 3, 20","2, 20, 20","2, 3, 20"
118,http://assets.myntassets.com/v1/images/style/properties/0be615f02ae1f1cfe78155555a79007c_images.jpg,"2, 3, 20","3, 4, 20","3, 20, 20","2, 20, 20","2, 3, 20"
119,http://assets.myntassets.com/v1/images/style/properties/135f9aa8141d682fc218393049c70324_images.jpg,"2, 3, 20","5, 20, 20","3, 20, 20","1, 20, 20","1, 2, 20"
120,http://assets.myntassets.com/v1/images/style/properties/fcd52c6506b43f3af116a62c2ea81204_images.jpg,"2, 3, 20","2, 3, 20","2, 3, 20","2, 20, 20","1, 2, 20"
121,http://assets.myntassets.com/v1/images/style/properties/eba1c1b241555d8afa3f7232ed2c6933_images.jpg,"2, 3, 20","3, 20, 20","1, 20, 20","1, 20, 20","1, 20, 20"
122,http://assets.myntassets.com/v1/images/style/properties/8d7f0bbb0bdefcbcc692bcdf4a6400ee_images.jpg,"2, 3, 20","2, 3, 20","2, 20, 20","2, 20, 20","2, 20, 20"
123,http://assets.myntassets.com/v1/images/style/properties/cbc319393da4e3d0eb140d3c8a045d2c_images.jpg,"2, 3, 20","4, 5, 20","2, 20, 20","2, 20, 20","2, 20, 20"
124,http://assets.myntassets.com/v1/images/style/properties/2d986dbf9e5f64e3ab8471120c557db4_images.jpg,"2, 3, 20","5, 20, 20","3, 20, 20","2, 20, 20","2, 20, 20"
125,http://assets.myntassets.com/v1/images/style/properties/7a1bc7d255671c7f4b85f1b1b35e945b_images.jpg,"2, 3, 20","5, 20, 20","3, 20, 20","2, 20, 20","2, 20, 20"
126,http://assets.myntassets.com/v1/images/style/properties/9b9622c9c440e59a67c876cf07706f3c_images.jpg,"2, 3, 20","1, 2, 3","3, 20, 20","2, 20, 20","2, 20, 20"
127,http://assets.myntassets.com/v1/images/style/properties/1049df82b306da238c324c6c7031b135_images.jpg,"3, 4, 20","2, 3, 20","3, 20, 20","2, 20, 20","3, 4, 20"
128,http://assets.myntassets.com/v1/images/style/properties/US-Polo-Assn-Men-White---Navy-Blue-Shirt_233bed1565b9ac72f62fb685a2223f3c_images.jpg,"3, 4, 20","1, 2, 20","3, 20, 20","2, 20, 20","3, 4, 20"
129,http://assets.myntassets.com/v1/images/style/properties/9b2dc2cfc35d37aee2f4d46532384605_images.jpg,"2, 3, 20","3, 4, 20","3, 20, 20","2, 20, 20","2, 3, 20"
130,http://assets.myntassets.com/v1/images/style/properties/2641289161a53042c64ced38cadb099b_images.jpg,"2, 3, 20","4, 20, 20","2, 20, 20","2, 20, 20","2, 3, 20"
131,http://assets.myntassets.com/v1/images/style/properties/59433decf845a0c856d3879435d95560_images.jpg,"2, 3, 20","5, 20, 20","1, 2, 20","2, 20, 20","1, 2, 20"
132,http://assets.myntassets.com/v1/images/style/properties/ef754e63472dece06abfa6d6c1266d91_images.jpg,"2, 3, 20","1, 2, 20","2, 20, 20","2, 20, 20","1, 2, 20"
133,http://assets.myntassets.com/v1/images/style/properties/f9622342fedb746c6515647f128b94a6_images.jpg,"2, 3, 20","2, 3, 20","3, 20, 20","2, 20, 20","1, 2, 20"
134,http://assets.myntassets.com/v1/images/style/properties/cc57b520818a0ada689545d2bdd025d9_images.jpg,"2, 3, 20","4, 5, 20","3, 20, 20","2, 20, 20","1, 2, 20"
135,http://assets.myntassets.com/v1/images/style/properties/bbddb8510d402639e0a038bde5ec08bb_images.jpg,"3, 4, 20","5, 20, 20","1, 20, 20","2, 20, 20","3, 4, 20"
136,http://assets.myntassets.com/v1/images/style/properties/b24d6360e5f726e86b7db28e2225894b_images.jpg,"2, 3, 20","3, 4, 20","3, 20, 20","2, 20, 20","1, 2, 20"
137,http://assets.myntassets.com/v1/images/style/properties/e01152d30659f4099b46cb0c1fcb918b_images.jpg,"3, 4, 20","1, 2, 20","3, 20, 20","2, 20, 20","4, 20, 20"
138,http://assets.myntassets.com/v1/images/style/properties/47e0bf9f4a04bd6f5901c0f4fc65e54d_images.jpg,"2, 3, 20","5, 20, 20","2, 20, 20","1, 2, 20","1, 2, 20"
139,http://assets.myntassets.com/v1/images/style/properties/75c8932f3b5a274c73e3c94f95540d7b_images.jpg,"2, 3, 20","5, 20, 20","3, 20, 20","2, 20, 20","2, 3, 20"
140,http://assets.myntassets.com/v1/images/style/properties/8e4099bc672a376b156e1fe903fd5e16_images.jpg,"2, 3, 20","2, 3, 20","3, 20, 20","2, 20, 20","2, 3, 20"
141,http://assets.myntassets.com/v1/images/style/properties/b54b7d7f19b9dbb54c85c584719c46ef_images.jpg,"2, 3, 20","4, 5, 20","2, 20, 20","1, 2, 20","2, 20, 20"
142,http://assets.myntassets.com/v1/images/style/properties/c6a6fbe4d75e40529b7be5427d095142_images.jpg,"2, 3, 20","4, 5, 20","3, 20, 20","2, 20, 20","2, 3, 20"
143,http://assets.myntassets.com/v1/images/style/properties/98252134c6398e50aeebd873e6eafceb_images.jpg,"3, 4, 20","4, 5, 20","1, 20, 20","2, 20, 20","1, 2, 20"
144,http://assets.myntassets.com/v1/images/style/properties/987d4390421e951dafe4bfdaba57f5fd_images.jpg,"3, 4, 20","5, 20, 20","1, 20, 20","2, 20, 20","4, 20, 20"
145,http://assets.myntassets.com/v1/images/style/properties/Puma-Men-White-and-Navy-Blue-Stripe-Polo-T-shirt_a81acd98afcadd66fa8ee8531c82ad46_images.jpg,"2, 3, 20","1, 5, 20","2, 20, 20","2, 20, 20","2, 3, 20"
146,http://assets.myntassets.com/v1/images/style/properties/e87ae94ffdf37c089daaad8d451f6995_images.jpg,"2, 3, 20","2, 3, 20","3, 20, 20","2, 20, 20","2, 3, 20"
147,http://assets.myntassets.com/v1/images/style/properties/11dcaeada4fab2e575c449e922425c5d_images.jpg,"2, 3, 20","2, 3, 20","3, 20, 20","2, 20, 20","2, 20, 20"
148,http://assets.myntassets.com/v1/images/style/properties/2811fe105e63b5795a6442edb85bb6cd_images.jpg,"2, 3, 20","1, 2, 20","3, 20, 20","2, 20, 20","3, 20, 20"
149,http://assets.myntassets.com/v1/images/style/properties/Classic-Polo-Mens-Swiss-Yellow-T-shirt_e87fa11cdb977d11d3e673a69f4a63db_images.jpg,"2, 3, 20","3, 20, 20","2, 20, 20","2, 20, 20","1, 2, 20"
150,http://assets.myntassets.com/v1/images/style/properties/7c9e2e7c405128361af34be207a439a2_images.jpg,"2, 3, 20","4, 5, 20","3, 20, 20","2, 20, 20","1, 2, 20"
151,http://assets.myntassets.com/v1/images/style/properties/9dc3c008c07a5df5b46622ee5d8579de_images.jpg,"2, 3, 20","1, 2, 20","3, 20, 20","2, 20, 20","1, 2, 20"
152,http://assets.myntassets.com/v1/images/style/properties/6c598ee94ff155384130481aec05525e_images.jpg,"2, 3, 20","4, 5, 20","3, 20, 20","2, 20, 20","1, 2, 20"
153,http://assets.myntassets.com/v1/images/style/properties/10d750eb60726aff0c78cd599a20e0ab_images.jpg,"2, 3, 20","1, 5, 20","2, 20, 20","2, 20, 20","2, 3, 20"
154,http://assets.myntassets.com/v1/images/style/properties/6934c2d1bc11313536fd82a1192a1d33_images.jpg,"3, 4, 20","2, 3, 20","3, 20, 20","2, 20, 20","3, 4, 20"
155,http://assets.myntassets.com/v1/images/style/properties/7909093ce4f956a24582b330a249d911_images.jpg,"2, 3, 20","4, 5, 20","3, 20, 20","2, 20, 20","2, 20, 20"
156,http://assets.myntassets.com/v1/images/style/properties/17d5cdd77de6f87ee2451b98f3466d88_images.jpg,"1, 2, 20","1, 2, 20","3, 20, 20","2, 20, 20","2, 3, 20"
157,http://assets.myntassets.com/v1/images/style/properties/f3dc8c5e7e7d7394150506a3f2f417c0_images.jpg,"3, 4, 20","4, 5, 20","3, 20, 20","1, 2, 20","3, 4, 20"
158,http://assets.myntassets.com/v1/images/style/properties/e1bba450764df5aed92151be769e42d0_images.jpg,"2, 3, 20","1, 20, 20","2, 20, 20","1, 2, 20","1, 2, 20"
159,http://assets.myntassets.com/assets/images/27421/2015/11/23/11448283185049-Jockey-Women-Blue-Lounge-Pants-3621448283184622-1.jpg,"2, 3, 20","4, 20, 20","1, 20, 20","2, 20, 20","1, 2, 20"
160,http://assets.myntassets.com/v1/images/style/properties/79e693b484848f12265b4dd4a155fae9_images.jpg,"2, 3, 20","5, 20, 20","1, 20, 20","2, 20, 20","2, 3, 20"
161,http://assets.myntassets.com/v1/images/style/properties/dc7e36dcafbb8aeb71dc2ebbd4427ca7_images.jpg,"2, 3, 20","2, 3, 20","3, 20, 20","2, 20, 20","1, 2, 20"
162,http://assets.myntassets.com/v1/images/style/properties/b5fe34a5c5a88054357f33b0d2b4ce46_images.jpg,"2, 3, 20","3, 4, 20","1, 20, 20","2, 20, 20","2, 20, 20"
163,http://assets.myntassets.com/v1/images/style/properties/4642a9cf2604998cd7665a76a2bf87c1_images.jpg,"2, 3, 20","2, 20, 20","3, 20, 20","1, 2, 20","1, 2, 20"
164,http://assets.myntassets.com/v1/images/style/properties/15324570d805103032f3a593d495aafe_images.jpg,"3, 4, 20","5, 20, 20","1, 20, 20","1, 2, 20","2, 3, 20"
165,http://assets.myntassets.com/v1/images/style/properties/6723c5b48a019f7940ac913e35240620_images.jpg,"2, 3, 20","2, 3, 20","3, 20, 20","1, 2, 20","1, 2, 20"
166,http://assets.myntassets.com/v1/images/style/properties/5f2cc2a725967d426cc03f4a3fbb93c1_images.jpg,"3, 4, 20","1, 2, 20","3, 20, 20","2, 3, 20","3, 4, 20"
167,http://assets.myntassets.com/v1/images/style/properties/6cb6a14583b044dca0a0bd9efc2fc4c7_images.jpg,"2, 3, 20","4, 5, 20","2, 20, 20","2, 20, 20","2, 20, 20"
168,http://assets.myntassets.com/v1/images/style/properties/339f3148805bd725b88cebe54fd52d45_images.jpg,"3, 4, 20","3, 4, 20","3, 20, 20","1, 2, 20","3, 20, 20"
169,http://assets.myntassets.com/v1/images/style/properties/7f50a98d2319c37ba993f4bd39ec1df9_images.jpg,"2, 3, 20","1, 20, 20","2, 20, 20","2, 20, 20","1, 2, 20"
170,http://assets.myntassets.com/v1/images/style/properties/5dca5cfae72251582c7f14ac099212f3_images.jpg,"3, 20, 20","4, 20, 20","1, 20, 20","2, 20, 20","3, 4, 20"
171,http://assets.myntassets.com/v1/images/style/properties/bf97cd1840466577838074675a9cbe1f_images.jpg,"2, 3, 20","4, 5, 20","3, 20, 20","1, 20, 20","2, 3, 20"
172,http://assets.myntassets.com/v1/images/style/properties/5f064c454ce1578a2a667d28872a0453_images.jpg,"2, 3, 20","5, 20, 20","1, 20, 20","1, 2, 20","2, 20, 20"
173,http://assets.myntassets.com/v1/images/style/properties/e046ebf7dbb7ae5d9dd7980c21d264ac_images.jpg,"2, 3, 20","2, 3, 20","3, 20, 20","1, 2, 20","1, 2, 20"
174,http://assets.myntassets.com/v1/images/style/properties/1e3b40d501f5fbbceeab3879db474932_images.jpg,"2, 3, 20","3, 20, 20","1, 20, 20","1, 20, 20","2, 20, 20"
175,http://assets.myntassets.com/v1/images/style/properties/9f9f083996862e825eb0ffb32ed9db31_images.jpg,"2, 3, 20","4, 5, 20","3, 20, 20","2, 20, 20","2, 20, 20"
176,http://assets.myntassets.com/v1/images/style/properties/Puma-Men-Grey-T-shirt_cf275e8d9abdab9e307d6adbf8fc6d9f_images.jpg,"2, 3, 20","2, 3, 20","1, 2, 20","2, 20, 20","2, 20, 20"
177,http://assets.myntassets.com/v1/images/style/properties/b150acdcab19e99002215aa95bffa983_images.jpg,"3, 4, 20","2, 20, 20","1, 20, 20","2, 20, 20","3, 4, 20"
178,http://assets.myntassets.com/v1/images/style/properties/91351f3c000928d10198c09cfa04611b_images.jpg,"2, 3, 20","3, 20, 20","3, 20, 20","2, 20, 20","3, 20, 20"
179,http://assets.myntassets.com/v1/images/style/properties/2ebe09ca473dc308c580e25f41fdd66f_images.jpg,"2, 3, 20","5, 20, 20","1, 20, 20","2, 20, 20","1, 2, 20"
180,http://assets.myntassets.com/v1/images/style/properties/d839e1d71382ca6708416dbf6bfa9054_images.jpg,"2, 3, 20","3, 4, 20","3, 20, 20","2, 20, 20","3, 20, 20"
181,http://assets.myntassets.com/v1/images/style/properties/5b7333bbf40e95f4c57e24d65903288d_images.jpg,"2, 3, 20","1, 20, 20","1, 20, 20","1, 2, 20","1, 2, 20"
182,http://assets.myntassets.com/v1/images/style/properties/cd76a36fca88fe74d1d25ee7fd96881a_images.jpg,"2, 3, 20","3, 5, 20","1, 20, 20","2, 20, 20","2, 3, 20"
183,http://assets.myntassets.com/v1/images/style/properties/7806d266865c89cb087a259ab7250e01_images.jpg,"2, 3, 20","5, 20, 20","1, 20, 20","2, 20, 20","2, 20, 20"
184,http://assets.myntassets.com/v1/images/style/properties/048477a26c1da1d6aa87134c253ab97b_images.jpg,"2, 3, 20","3, 4, 20","3, 20, 20","2, 20, 20","2, 20, 20"
185,http://assets.myntassets.com/v1/images/style/properties/adf22f809f604e821145a616e4766061_images.jpg,"2, 3, 20","1, 2, 20","3, 20, 20","2, 20, 20","1, 2, 20"
186,http://assets.myntassets.com/v1/images/style/properties/b6ce9035b4f54b8733940f2f10e2e0d4_images.jpg,"2, 3, 20","2, 3, 20","3, 20, 20","1, 2, 20","2, 20, 20"
187,http://assets.myntassets.com/v1/images/style/properties/d6c2a243dd5227d7ae5d10156477c38a_images.jpg,"2, 3, 20","3, 4, 20","3, 20, 20","1, 2, 20","2, 20, 20"
188,http://assets.myntassets.com/v1/images/style/properties/4a8e310b6a7184ea58ad3a7dc8590b27_images.jpg,"2, 3, 20","1, 20, 20","3, 20, 20","2, 20, 20","2, 20, 20"
189,http://assets.myntassets.com/v1/images/style/properties/be625a96a46f91544eb611751026314f_images.jpg,"2, 3, 20","2, 3, 20","3, 20, 20","2, 20, 20","2, 20, 20"
190,http://assets.myntassets.com/v1/images/style/properties/ceb79e65e6f47c0364f0e4dec3331178_images.jpg,"3, 4, 20","4, 5, 20","3, 20, 20","2, 20, 20","3, 4, 20"
191,http://assets.myntassets.com/v1/images/style/properties/0d44368c0dedf58c07d1ff32ee194abc_images.jpg,"2, 3, 20","5, 20, 20","1, 20, 20","2, 3, 20","1, 2, 20"
192,http://assets.myntassets.com/v1/images/style/properties/eb3a69a17b6a64c1ad62a00796b91824_images.jpg,"2, 3, 20","4, 5, 20","1, 20, 20","2, 3, 20","1, 20, 20"
193,http://assets.myntassets.com/v1/images/style/properties/d9497aae4ed436340a1b6764ddc052ce_images.jpg,"2, 3, 20","2, 3, 20","3, 20, 20","2, 20, 20","2, 3, 20"
194,http://assets.myntassets.com/v1/images/style/properties/6ad5930365254d23fcfd8aaabe39d7fd_images.jpg,"2, 3, 4","2, 3, 20","1, 20, 20","2, 20, 20","1, 2, 20"
195,http://assets.myntassets.com/v1/images/style/properties/b51ddd8d00fdcb3261069363d18b6763_images.jpg,"3, 4, 20","2, 3, 20","3, 20, 20","2, 20, 20","3, 4, 20"
196,http://assets.myntassets.com/v1/images/style/properties/4ac891da14f596c2e69f75cfb8d1a56a_images.jpg,"2, 3, 20","2, 3, 20","1, 20, 20","2, 20, 20","2, 20, 20"
197,http://assets.myntassets.com/v1/images/style/properties/08ba360a042300fffa932e37235edd6d_images.jpg,"2, 3, 20","5, 20, 20","3, 20, 20","1, 2, 20","1, 20, 20"
198,http://assets.myntassets.com/v1/images/style/properties/47d964476bfd4b4c30627d74c4f6a94d_images.jpg,"2, 3, 20","2, 3, 20","3, 20, 20","2, 20, 20","2, 3, 20"
199,http://assets.myntassets.com/v1/images/style/properties/John-Players-Men-Beige-Shorts_121cc979460c6139c92c31e560abc152_images.jpg,"1, 2, 3","1, 2, 20","1, 20, 20","2, 20, 20","2, 20, 20"
200,http://assets.myntassets.com/v1/images/style/properties/ecfcc90e4ae597955732adf2680b9fa3_images.jpg,"2, 3, 20","2, 3, 20","3, 20, 20","2, 20, 20","1, 2, 20"
201,http://assets.myntassets.com/v1/images/style/properties/78bf924de236777a9bc6662b076449e4_images.jpg,"2, 3, 20","5, 20, 20","1, 20, 20","2, 20, 20","2, 3, 20"
202,http://assets.myntassets.com/v1/images/style/properties/f811ce4aaa2f4c37fc962f2c069f0ee4_images.jpg,"2, 3, 20","3, 4, 20","3, 20, 20","2, 20, 20","2, 20, 20"
203,http://assets.myntassets.com/v1/images/style/properties/6703b9bc9762e04f4e53afaa0aaecb3d_images.jpg,"2, 3, 20","2, 3, 20","3, 20, 20","1, 2, 20","1, 2, 20"
204,http://assets.myntassets.com/v1/images/style/properties/2e95da933ac14a9c46b2629146a5ad51_images.jpg,"2, 3, 20","4, 5, 20","3, 20, 20","2, 20, 20","2, 20, 20"
205,http://assets.myntassets.com/v1/images/style/properties/51e88043cd7d2b28569c641fdb2fdc4c_images.jpg,"3, 4, 20","1, 2, 20","1, 20, 20","2, 20, 20","3, 4, 20"
206,http://assets.myntassets.com/v1/images/style/properties/4dcc3b32e48ebb49502a3384edff6ccf_images.jpg,"2, 3, 20","4, 5, 20","3, 20, 20","2, 20, 20","2, 20, 20"
207,http://assets.myntassets.com/v1/images/style/properties/cd8e03fcea2341e5cf5dfad3a47734d3_images.jpg,"2, 3, 20","1, 2, 20","3, 20, 20","2, 20, 20","2, 20, 20"
208,http://assets.myntassets.com/v1/images/style/properties/9af8eb6d150cbf09178137613fb1e594_images.jpg,"1, 2, 3","1, 2, 20","3, 20, 20","1, 2, 20","1, 2, 20"
209,http://assets.myntassets.com/v1/images/style/properties/b470ee8121b08981d0e1385aaf7b4f46_images.jpg,"2, 3, 20","1, 20, 20","2, 20, 20","2, 20, 20","2, 20, 20"
210,http://assets.myntassets.com/v1/images/style/properties/Proline-Men-Grey-Track-Pants_0bfd1e2ecdfb383b0b95593b68ef704d_images.jpg,"2, 3, 4","4, 5, 20","1, 20, 20","2, 20, 20","1, 2, 20"
211,http://assets.myntassets.com/v1/images/style/properties/783442c36bbe6603d9bd4b370af1bf9f_images.jpg,"2, 3, 20","4, 5, 20","3, 20, 20","1, 20, 20","2, 20, 20"
212,http://assets.myntassets.com/v1/images/style/properties/40b830e01b25eee921ea6c1ba16f1629_images.jpg,"3, 20, 20","1, 2, 20","1, 20, 20","2, 20, 20","2, 3, 20"
213,http://assets.myntassets.com/v1/images/style/properties/9eb242530f597631a641415ccee785eb_images.jpg,"3, 4, 20","3, 4, 20","1, 20, 20","2, 3, 20","3, 4, 20"
214,http://assets.myntassets.com/v1/images/style/properties/2168c1954a31148429a42e0b4713da75_images.jpg,"2, 3, 20","5, 20, 20","3, 20, 20","2, 20, 20","2, 20, 20"
215,http://assets.myntassets.com/v1/images/style/properties/261167465883f9d74752dfbcb912fa60_images.jpg,"2, 3, 20","4, 5, 20","3, 20, 20","1, 2, 20","2, 20, 20"
216,http://assets.myntassets.com/v1/images/style/properties/4a043d1c950303676ebb777a1f31efde_images.jpg,"2, 3, 20","3, 4, 5","3, 20, 20","2, 20, 20","2, 20, 20"
217,http://assets.myntassets.com/v1/images/style/properties/edc8bd246a01901b33b58dad2aba1386_images.jpg,"2, 3, 20","4, 5, 20","2, 20, 20","2, 20, 20","1, 20, 20"
218,http://assets.myntassets.com/v1/images/style/properties/94ff278a731ad83bf42f0b44ebd6e38b_images.jpg,"3, 4, 20","1, 3, 20","3, 20, 20","2, 20, 20","3, 4, 20"
219,http://assets.myntassets.com/v1/images/style/properties/b6ba990c288d73cee599dedcd27e1098_images.jpg,"2, 3, 20","3, 20, 20","1, 20, 20","1, 2, 20","1, 20, 20"
220,http://assets.myntassets.com/v1/images/style/properties/841e642f22d1031b940126b54f3fe2bc_images.jpg,"2, 3, 20","2, 3, 20","3, 20, 20","1, 20, 20","1, 2, 20"
221,http://assets.myntassets.com/v1/images/style/properties/d4622bdcbde3a2544ce0ba6c4ae4541b_images.jpg,"2, 3, 20","3, 20, 20","3, 20, 20","2, 20, 20","2, 20, 20"
222,http://assets.myntassets.com/v1/images/style/properties/bb406db0fb2f98a1a49538fc1b14c444_images.jpg,"2, 3, 20","1, 2, 20","3, 20, 20","2, 20, 20","2, 20, 20"
223,http://assets.myntassets.com/v1/images/style/properties/e12348ff6e8ce788a82060aa7bbd55f6_images.jpg,"2, 3, 20","3, 4, 20","3, 20, 20","2, 20, 20","2, 20, 20"
224,http://assets.myntassets.com/v1/images/style/properties/1c40d2b94c58f8037380b197a26f567d_images.jpg,"3, 20, 20","1, 20, 20","1, 20, 20","2, 20, 20","3, 20, 20"
225,http://assets.myntassets.com/v1/images/style/properties/Puma-Men-Black-T-shirt_d019196a9f38dbfea90a6f38649bfef6_images.jpg,"2, 3, 20","5, 20, 20","3, 20, 20","2, 20, 20","2, 20, 20"
226,http://assets.myntassets.com/v1/images/style/properties/167dfcd0f558d3963d42cb9d98961f95_images.jpg,"3, 4, 20","2, 20, 20","1, 2, 20","2, 20, 20","3, 20, 20"
227,http://assets.myntassets.com/v1/images/style/properties/01e181b9f43cdda40a21b6f05e97666c_images.jpg,"2, 3, 20","2, 3, 20","3, 20, 20","2, 20, 20","3, 20, 20"
228,http://assets.myntassets.com/v1/images/style/properties/18df81e244e799aeac9f715dd9465b2d_images.jpg,"2, 3, 20","2, 3, 20","1, 20, 20","2, 20, 20","2, 20, 20"
229,http://assets.myntassets.com/v1/images/style/properties/94218ed43f33a3f01c61df343a0260f3_images.jpg,"2, 3, 4","2, 3, 20","2, 20, 20","2, 20, 20","1, 20, 20"
230,http://assets.myntassets.com/v1/images/style/properties/2558270228d27a0f9c0d6eff4e540c0d_images.jpg,"1, 2, 20","1, 2, 20","3, 20, 20","2, 20, 20","2, 20, 20"
231,http://assets.myntassets.com/v1/images/style/properties/4ef2abf41a4d35aec21fa772bb74adf5_images.jpg,"2, 3, 20","2, 3, 20","3, 20, 20","2, 20, 20","2, 20, 20"
232,http://assets.myntassets.com/v1/images/style/properties/5b8f4d8f89d556b20cdba75bad71a23e_images.jpg,"3, 4, 20","3, 4, 20","1, 20, 20","2, 20, 20","4, 20, 20"
233,http://assets.myntassets.com/v1/images/style/properties/bb16165bfc63aacfc18bd93325220359_images.jpg,"2, 3, 20","2, 3, 20","3, 20, 20","2, 20, 20","2, 20, 20"
234,http://assets.myntassets.com/v1/images/style/properties/821d377e49f3aa198c1937e9793099a6_images.jpg,"2, 3, 20","2, 3, 20","3, 20, 20","2, 20, 20","2, 20, 20"
235,http://assets.myntassets.com/v1/images/style/properties/105c607753deea7b4ae6bc41d51661ee_images.jpg,"2, 3, 20","2, 3, 20","3, 20, 20","2, 20, 20","2, 20, 20"
236,http://assets.myntassets.com/v1/images/style/properties/Adidas-Men-Navy-Blue-Sweatshirt_be449d995ae665cbce81fbce0d69ea1e_images.jpg,"2, 3, 20","4, 5, 20","3, 20, 20","1, 2, 20","2, 20, 20"
237,http://assets.myntassets.com/v1/images/style/properties/95b4fd12eab9acd511b805a11601c92c_images.jpg,"3, 4, 20","2, 3, 20","3, 20, 20","2, 20, 20","2, 20, 20"
238,http://assets.myntassets.com/v1/images/style/properties/9fbf62acb109790ee9cf91bf5594cf5c_images.jpg,"3, 4, 20","4, 5, 20","1, 20, 20","2, 20, 20","4, 20, 20"
239,http://assets.myntassets.com/v1/images/style/properties/6b27c58fd2eb926c7f9b9d5efc0c1818_images.jpg,"3, 4, 20","2, 3, 20","3, 20, 20","2, 20, 20","3, 4, 20"
240,http://assets.myntassets.com/v1/images/style/properties/5489e314ba8c88e1641bf549fbf6ad0d_images.jpg,"2, 3, 20","2, 20, 20","1, 20, 20","2, 20, 20","2, 20, 20"
241,http://assets.myntassets.com/v1/images/style/properties/8580e2e688a9ccf9b2bb20e3a89c69cc_images.jpg,"2, 3, 20","1, 2, 3","3, 20, 20","1, 2, 20","1, 20, 20"
242,http://assets.myntassets.com/v1/images/style/properties/8fb251ea403fab32952058a73088aeb2_images.jpg,"1, 2, 20","2, 20, 20","3, 20, 20","1, 2, 20","1, 2, 20"
243,http://assets.myntassets.com/v1/images/style/properties/9972e0224ec65fe016e2703e8576475a_images.jpg,"1, 2, 20","3, 20, 20","3, 20, 20","2, 20, 20","1, 2, 20"
244,http://assets.myntassets.com/v1/images/style/properties/b102d8273537781b5cc6b28a929c501c_images.jpg,"1, 2, 20","1, 2, 20","3, 20, 20","2, 20, 20","2, 20, 20"
245,http://assets.myntassets.com/v1/images/style/properties/Basics-Men-White-T-shirt_09fac0ea8036d4de33ceec2351630e04_images.jpg,"2, 3, 20","1, 20, 20","1, 20, 20","2, 20, 20","3, 20, 20"
246,http://assets.myntassets.com/v1/images/style/properties/French-Connection-Men-White-T-shirt_48e05ffbe5d9005728594678420f7a3c_images.jpg,"2, 3, 20","1, 20, 20","3, 20, 20","1, 2, 20","2, 20, 20"
247,http://assets.myntassets.com/v1/images/style/properties/9ba6a4c84ec057a0ccd9a1a559b16531_images.jpg,"1, 20, 20","1, 2, 20","3, 20, 20","2, 20, 20","2, 20, 20"
248,http://assets.myntassets.com/v1/images/style/properties/b70d4b2a4a1aab207368a75db5327917_images.jpg,"3, 4, 20","1, 3, 20","3, 20, 20","2, 20, 20","2, 3, 20"
249,http://assets.myntassets.com/v1/images/style/properties/0295bfcf59cb9a1066e44415b5108461_images.jpg,"2, 3, 20","1, 2, 20","3, 20, 20","2, 3, 20","2, 3, 20"
250,http://assets.myntassets.com/v1/images/style/properties/853a100f5d3d8c1e8ef88b41ca0d2c88_images.jpg,"2, 3, 20","3, 4, 20","1, 2, 20","2, 20, 20","2, 20, 20"
251,http://assets.myntassets.com/v1/images/style/properties/c8c70971b1f7161865e49623121ba10a_images.jpg,"2, 3, 20","4, 5, 20","2, 20, 20","1, 2, 20","2, 20, 20"
252,http://assets.myntassets.com/v1/images/style/properties/9fd9eaba65ab73f9860505d46894efb8_images.jpg,"2, 3, 20","2, 3, 20","2, 20, 20","2, 20, 20","1, 2, 20"
253,http://assets.myntassets.com/v1/images/style/properties/adf8000f76b545306c6e284c518a60fc_images.jpg,"3, 4, 20","3, 4, 20","2, 20, 20","1, 2, 20","3, 20, 20"
254,http://assets.myntassets.com/v1/images/style/properties/f0fbf247458326317521ec367f72a2a7_images.jpg,"2, 3, 20","2, 3, 20","2, 20, 20","2, 20, 20","1, 2, 20"
255,http://assets.myntassets.com/v1/images/style/properties/8ecd514f28da61172ad5a38e58079315_images.jpg,"2, 3, 20","2, 20, 20","1, 20, 20","1, 2, 20","2, 20, 20"
256,http://assets.myntassets.com/v1/images/style/properties/42a205d41cbc445ed70f474ed4998964_images.jpg,"2, 3, 20","2, 3, 20","3, 20, 20","2, 20, 20","2, 3, 20"
257,http://assets.myntassets.com/v1/images/style/properties/255daaace4d0099d51f7de22e7cedcbd_images.jpg,"2, 3, 20","3, 4, 20","3, 20, 20","2, 20, 20","2, 20, 20"
258,http://assets.myntassets.com/v1/images/style/properties/1f284f26ca5c625921b49c01b0089ccc_images.jpg,"3, 4, 20","2, 3, 20","1, 20, 20","1, 2, 20","3, 4, 20"
259,http://assets.myntassets.com/v1/images/style/properties/Puma-Men-Blue-T-shirt_b9642574a453cdfbae1f58e468187928_images.jpg,"2, 3, 20","4, 5, 20","3, 20, 20","2, 20, 20","2, 20, 20"
260,http://assets.myntassets.com/v1/images/style/properties/85a672861b73e66b706c36c53bf17166_images.jpg,"2, 3, 20","3, 4, 20","3, 20, 20","2, 20, 20","2, 3, 20"
261,http://assets.myntassets.com/v1/images/style/properties/c5042fbf31ee45fb5f928c608dc38936_images.jpg,"3, 4, 20","3, 4, 20","3, 20, 20","1, 2, 20","3, 4, 20"
262,http://assets.myntassets.com/v1/images/style/properties/1444d5d46afd24d8b02cfa41cc402b50_images.jpg,"2, 3, 20","2, 3, 20","3, 20, 20","2, 20, 20","2, 20, 20"
263,http://assets.myntassets.com/v1/images/style/properties/3b6ba277e7ff2c5760bd90c3d5c464ac_images.jpg,"2, 3, 20","3, 4, 20","3, 20, 20","2, 20, 20","2, 20, 20"
264,http://assets.myntassets.com/v1/images/style/properties/101d946073e86e8d42167719bab88431_images.jpg,"2, 3, 20","1, 20, 20","3, 20, 20","2, 20, 20","2, 20, 20"
265,http://assets.myntassets.com/v1/images/style/properties/0dc1b1d7f865d06c674a7cdd79a0fb02_images.jpg,"2, 3, 20","2, 3, 20","3, 20, 20","1, 2, 20","2, 20, 20"
266,http://assets.myntassets.com/v1/images/style/properties/f65d3cb6d44062c1d10bbb1fc6662ad6_images.jpg,"3, 4, 20","4, 5, 20","1, 20, 20","2, 20, 20","4, 20, 20"
267,http://assets.myntassets.com/v1/images/style/properties/4f71fdaa2c5525b17889355b506f4fcb_images.jpg,"2, 3, 20","2, 3, 20","1, 20, 20","2, 20, 20","3, 20, 20"
268,http://assets.myntassets.com/v1/images/style/properties/d072eb974267faa980a5b503b57ffe29_images.jpg,"3, 4, 20","1, 20, 20","1, 20, 20","2, 20, 20","3, 4, 20"
269,http://assets.myntassets.com/v1/images/style/properties/2f9629f9059f8124c582c4aca13f64b9_images.jpg,"2, 3, 20","3, 4, 20","3, 20, 20","1, 2, 20","2, 20, 20"
270,http://assets.myntassets.com/v1/images/style/properties/d239ef6926e4717a238faba074bb369a_images.jpg,"2, 3, 20","3, 20, 20","1, 2, 20","1, 2, 20","1, 2, 20"
271,http://assets.myntassets.com/v1/images/style/properties/US-Polo-Assn-Men-Striped-Blue-Shirt_38cb59ca2ee59260900514765132a7e9_images.jpg,"3, 4, 20","3, 20, 20","3, 20, 20","2, 20, 20","3, 4, 20"
272,http://assets.myntassets.com/v1/images/style/properties/50aba4c7dbee879034bee18e8fa647f1_images.jpg,"2, 3, 20","5, 20, 20","3, 20, 20","1, 2, 20","2, 20, 20"
273,http://assets.myntassets.com/v1/images/style/properties/5da23ec8638584a1576b3cd09318390a_images.jpg,"2, 3, 20","1, 20, 20","1, 2, 20","1, 2, 20","1, 2, 20"
274,http://assets.myntassets.com/v1/images/style/properties/c9748ec8d7ce34ecbc57c1a0e3cc28cd_images.jpg,"3, 20, 20","3, 4, 20","3, 20, 20","2, 20, 20","2, 3, 20"
275,http://assets.myntassets.com/v1/images/style/properties/e8c71bfe20e87920a41403a43c447452_images.jpg,"2, 3, 20","4, 20, 20","3, 20, 20","2, 20, 20","2, 20, 20"
276,http://assets.myntassets.com/v1/images/style/properties/ae3130f6a3d40667cf47cccab2431f97_images.jpg,"2, 3, 20","1, 20, 20","1, 20, 20","2, 20, 20","2, 20, 20"
277,http://assets.myntassets.com/v1/images/style/properties/88f26429910914fd8b5e15bce04d6e5f_images.jpg,"2, 3, 20","3, 20, 20","2, 20, 20","2, 3, 20","2, 3, 20"
278,http://assets.myntassets.com/v1/images/style/properties/01e1973738e23caaedbf176245af553f_images.jpg,"2, 3, 20","2, 3, 20","1, 20, 20","2, 20, 20","2, 20, 20"
279,http://assets.myntassets.com/v1/images/style/properties/057cfed92083e985d6dfc6fde95f6299_images.jpg,"2, 3, 20","3, 20, 20","3, 20, 20","1, 2, 20","2, 20, 20"
280,http://assets.myntassets.com/v1/images/style/properties/246ce1a949142a850ad580a014831782_images.jpg,"3, 20, 20","2, 3, 20","3, 20, 20","2, 20, 20","2, 3, 20"
281,http://assets.myntassets.com/v1/images/style/properties/6e2f96d8c460a9c1434e610f7cb6db85_images.jpg,"2, 3, 20","1, 20, 20","2, 3, 20","2, 20, 20","1, 2, 20"
282,http://assets.myntassets.com/v1/images/style/properties/1e59e6b2262a10894b5a829ca4a8441b_images.jpg,"2, 3, 20","3, 4, 20","1, 20, 20","2, 20, 20","2, 3, 20"
283,http://assets.myntassets.com/v1/images/style/properties/79ab8e426bec027b33c9e2ccac1096f1_images.jpg,"2, 3, 20","3, 4, 20","2, 20, 20","1, 2, 20","2, 20, 20"
284,http://assets.myntassets.com/v1/images/style/properties/Lee-Men-Blue-Chicago-Fit-Jeans_856f3829ad838d43c45db753f5479abd_images.jpg,"2, 3, 20","3, 20, 20","1, 20, 20","2, 20, 20","2, 20, 20"
285,http://assets.myntassets.com/v1/images/style/properties/c81654aaf3e8650d5c6a99e99e4b5a31_images.jpg,"2, 3, 4","5, 20, 20","2, 20, 20","2, 3, 20","1, 2, 20"
286,http://assets.myntassets.com/v1/images/style/properties/828535680403d13467099717c3de65e6_images.jpg,"2, 3, 20","4, 5, 20","3, 20, 20","2, 3, 20","2, 3, 20"
287,http://assets.myntassets.com/v1/images/style/properties/0d64b8d2f706987c853a3f223705c91a_images.jpg,"2, 3, 20","5, 20, 20","1, 20, 20","2, 20, 20","2, 3, 20"
288,http://assets.myntassets.com/v1/images/style/properties/55878488c3dc46bc4407a383fea649ba_images.jpg,"2, 3, 20","5, 20, 20","2, 20, 20","1, 2, 20","2, 20, 20"
289,http://assets.myntassets.com/v1/images/style/properties/0dd6ba06c25eebe46eb03ce2761a28d0_images.jpg,"3, 4, 20","1, 2, 20","1, 20, 20","2, 20, 20","3, 4, 20"
290,http://assets.myntassets.com/v1/images/style/properties/eaa9d93a50dc42462c0a04f1ee91e902_images.jpg,"2, 3, 20","1, 2, 20","1, 2, 20","1, 2, 20","1, 2, 20"
291,http://assets.myntassets.com/v1/images/style/properties/13c635046e4e8b95b9212531166af8a4_images.jpg,"2, 3, 20","2, 3, 20","1, 20, 20","2, 3, 20","2, 3, 20"
292,http://assets.myntassets.com/v1/images/style/properties/9a3d773e0dfe93df5b2109c512b3f7b1_images.jpg,"2, 3, 20","1, 2, 20","3, 20, 20","2, 20, 20","2, 20, 20"
293,http://assets.myntassets.com/v1/images/style/properties/4eb872956e1b8d1387fe0f454a4bec7f_images.jpg,"2, 3, 20","4, 20, 20","2, 20, 20","1, 2, 20","2, 3, 20"
294,http://assets.myntassets.com/v1/images/style/properties/dd87d19692f01880e34a6cf2b0bd9b22_images.jpg,"2, 3, 20","3, 4, 20","3, 20, 20","1, 2, 20","1, 20, 20"
295,http://assets.myntassets.com/v1/images/style/properties/eaf2af327ae5b0fbd2d32a234201ebc3_images.jpg,"2, 3, 20","4, 5, 20","3, 20, 20","1, 2, 20","2, 20, 20"
296,http://assets.myntassets.com/v1/images/style/properties/98a0a57a35f52206b545d0d06a80f2f7_images.jpg,"2, 3, 20","1, 20, 20","1, 20, 20","2, 20, 20","2, 3, 20"
297,http://assets.myntassets.com/v1/images/style/properties/b9c1dec897aef4542fe47e98c7c9bd1f_images.jpg,"2, 3, 20","5, 20, 20","1, 20, 20","2, 20, 20","1, 2, 20"
298,http://assets.myntassets.com/v1/images/style/properties/33a4f23ed9e1dc05e97ea94ab4809301_images.jpg,"2, 3, 20","2, 3, 20","3, 20, 20","1, 2, 20","2, 20, 20"
299,http://assets.myntassets.com/v1/images/style/properties/d55de4814c818878d0584e90470d14d6_images.jpg,"2, 3, 20","1, 20, 20","3, 20, 20","2, 20, 20","2, 20, 20"
300,http://assets.myntassets.com/v1/images/style/properties/b77929d59d81689e660446586e5e8dc3_images.jpg,"2, 3, 20","2, 3, 20","3, 20, 20","2, 20, 20","2, 3, 20"
301,http://assets.myntassets.com/v1/images/style/properties/SDL-by-Sweet-Dreams-Men-Black---Grey-Pyjama-Set_579efb47dce889195f28f09f2205ebaf_images.jpg,"2, 3, 20","4, 5, 20","3, 20, 20","2, 20, 20","1, 2, 20"
302,http://assets.myntassets.com/v1/images/style/properties/5a1df9ac28930032d37b9fa4cf5102e6_images.jpg,"2, 3, 20","4, 5, 20","1, 20, 20","1, 2, 20","2, 3, 20"
303,http://assets.myntassets.com/v1/images/style/properties/986d8893b024b650133e1bb88905f6ed_images.jpg,"2, 3, 20","4, 5, 20","2, 20, 20","1, 2, 20","2, 20, 20"
304,http://assets.myntassets.com/v1/images/style/properties/1066deb40c4f9ff773d13931b0fc2edd_images.jpg,"2, 3, 20","2, 3, 20","1, 20, 20","2, 20, 20","2, 3, 20"
305,http://assets.myntassets.com/v1/images/style/properties/1cbaf5223bd7a31025df3c3aa9a6d7f5_images.jpg,"1, 2, 20","1, 2, 20","3, 20, 20","2, 20, 20","1, 2, 20"
306,http://assets.myntassets.com/v1/images/style/properties/3d5795ec77c53b0030af8f5caed06a51_images.jpg,"2, 3, 20","2, 3, 20","3, 20, 20","2, 20, 20","1, 2, 20"
307,http://assets.myntassets.com/v1/images/style/properties/bf2cc8065bd15d652e9309cba750c6db_images.jpg,"3, 4, 20","3, 20, 20","1, 20, 20","2, 20, 20","4, 20, 20"
308,http://assets.myntassets.com/v1/images/style/properties/Reid---Taylor-Men-White-Shirt_7868945b6d3a95140b08b1719b0092f1_images.jpg,"2, 3, 20","1, 20, 20","1, 20, 20","2, 20, 20","3, 20, 20"
309,http://assets.myntassets.com/v1/images/style/properties/a8c8db5eadde7182104da52ff4b818b0_images.jpg,"2, 3, 20","4, 5, 20","1, 2, 20","2, 20, 20","3, 4, 20"
310,http://assets.myntassets.com/v1/images/style/properties/c0d022229d81e781668b3e78be82fa94_images.jpg,"2, 3, 20","3, 20, 20","3, 20, 20","1, 2, 20","1, 20, 20"
311,http://assets.myntassets.com/v1/images/style/properties/0e06cb945b450950e57486e8aba7983e_images.jpg,"1, 2, 20","3, 20, 20","3, 20, 20","2, 20, 20","2, 20, 20"
312,http://assets.myntassets.com/v1/images/style/properties/469cdb7f8a8f021723071b230c1ebf3c_images.jpg,"3, 4, 20","1, 2, 20","1, 20, 20","2, 20, 20","3, 4, 20"
313,http://assets.myntassets.com/v1/images/style/properties/de1fbbe7a4f79bbfa5a147228323b832_images.jpg,"2, 3, 20","3, 4, 20","3, 20, 20","1, 2, 20","2, 20, 20"
314,http://assets.myntassets.com/v1/images/style/properties/5ad3719c0803e65fdedded0f5570d652_images.jpg,"2, 3, 20","5, 20, 20","2, 20, 20","2, 20, 20","2, 20, 20"
315,http://assets.myntassets.com/v1/images/style/properties/5929783c109080d3d56a96f2621e3c1a_images.jpg,"3, 4, 20","4, 5, 20","1, 20, 20","2, 20, 20","3, 4, 20"
316,http://assets.myntassets.com/v1/images/style/properties/d4ee72267b72be5654c32b4893ab210c_images.jpg,"2, 3, 20","3, 4, 20","2, 20, 20","2, 3, 20","2, 3, 20"
317,http://assets.myntassets.com/v1/images/style/properties/7755ec2ed4dab765f8bf3177aee05763_images.jpg,"2, 3, 20","1, 20, 20","3, 20, 20","2, 20, 20","2, 20, 20"
318,http://assets.myntassets.com/v1/images/style/properties/8bd276f0e9295336eadafab87eb1f1cb_images.jpg,"2, 3, 20","3, 4, 20","3, 20, 20","2, 20, 20","2, 20, 20"
319,http://assets.myntassets.com/v1/images/style/properties/24336bcdabc9461c17c55ea8e093b87b_images.jpg,"2, 3, 20","3, 4, 20","2, 3, 20","2, 20, 20","2, 20, 20"
320,http://assets.myntassets.com/v1/images/style/properties/4e234092eeb7a1448aed7c155138bdd6_images.jpg,"2, 3, 20","5, 20, 20","3, 20, 20","2, 20, 20","2, 20, 20"
321,http://assets.myntassets.com/v1/images/style/properties/988496cb79a467af481c82c55cde8083_images.jpg,"2, 3, 20","5, 20, 20","1, 2, 20","2, 20, 20","2, 20, 20"
322,http://assets.myntassets.com/v1/images/style/properties/90b41c72a6ffec9f8c1c1f96b07c683c_images.jpg,"3, 4, 20","2, 20, 20","3, 20, 20","2, 20, 20","2, 3, 20"
323,http://assets.myntassets.com/v1/images/style/properties/95703660cfb4a09a17cf12fe68d1dd6a_images.jpg,"2, 3, 20","3, 20, 20","1, 20, 20","1, 20, 20","2, 3, 20"
324,http://assets.myntassets.com/v1/images/style/properties/17545a789509c8bf05b7a8c9660df680_images.jpg,"2, 3, 4","5, 20, 20","1, 20, 20","2, 20, 20","2, 3, 20"
325,http://assets.myntassets.com/v1/images/style/properties/0d1851cc4cfb7faf995a1773c6d2dce5_images.jpg,"3, 4, 20","1, 2, 20","3, 20, 20","2, 3, 20","3, 4, 20"
326,http://assets.myntassets.com/v1/images/style/properties/306ba92f55ea71452fee875a33c3633a_images.jpg,"2, 3, 20","2, 3, 20","3, 20, 20","1, 2, 20","2, 3, 20"
327,http://assets.myntassets.com/v1/images/style/properties/Mr-Men-Men-Green-T-shirt_51c5b37476b4f9996fc5155968976955_images.jpg,"1, 2, 20","3, 20, 20","3, 20, 20","1, 2, 20","2, 20, 20"
328,http://assets.myntassets.com/v1/images/style/properties/e80f3fc54b451cd28bcc223cd3ccf63e_images.jpg,"2, 3, 20","2, 3, 20","1, 2, 20","2, 20, 20","2, 20, 20"
329,http://assets.myntassets.com/v1/images/style/properties/361a973927b6edc23c6aaf840b170e94_images.jpg,"2, 3, 4","1, 20, 20","1, 20, 20","2, 20, 20","3, 20, 20"
330,http://assets.myntassets.com/v1/images/style/properties/2d9821d0bebe8b01d0ffa8a1a2a6532a_images.jpg,"2, 3, 20","1, 20, 20","3, 20, 20","2, 20, 20","2, 20, 20"
331,http://assets.myntassets.com/v1/images/style/properties/071f93920fa13ef44d4ef381909745e6_images.jpg,"3, 4, 20","1, 2, 20","3, 20, 20","2, 20, 20","3, 20, 20"
332,http://assets.myntassets.com/v1/images/style/properties/704ffb8c6c7bad843aaf5423eedc1b80_images.jpg,"3, 4, 20","4, 20, 20","1, 20, 20","2, 20, 20","3, 4, 20"
333,http://assets.myntassets.com/v1/images/style/properties/92642e4d0d368352c694a919e3666336_images.jpg,"2, 3, 20","5, 20, 20","3, 20, 20","2, 20, 20","2, 20, 20"
334,http://assets.myntassets.com/v1/images/style/properties/8e273ddc56bbc75b9706e860dd0dcdb3_images.jpg,"2, 3, 20","3, 20, 20","1, 20, 20","1, 2, 20","2, 20, 20"
335,http://assets.myntassets.com/v1/images/style/properties/4f45c39aa34cbfcda45fc53752600df5_images.jpg,"2, 3, 20","1, 2, 20","3, 20, 20","2, 20, 20","2, 20, 20"
336,http://assets.myntassets.com/v1/images/style/properties/a57200d51062b4c0a74a6b9b5a805306_images.jpg,"3, 4, 20","1, 20, 20","1, 20, 20","2, 20, 20","3, 4, 20"
337,http://assets.myntassets.com/v1/images/style/properties/1aa3626f05339e3d6cd1a91c895dedda_images.jpg,"2, 20, 20","4, 5, 20","3, 20, 20","1, 2, 20","1, 2, 20"
338,http://assets.myntassets.com/v1/images/style/properties/d23c26edc978ff13614ff3035705982d_images.jpg,"3, 4, 20","5, 20, 20","1, 20, 20","2, 20, 20","3, 4, 20"
339,http://assets.myntassets.com/v1/images/style/properties/1e0c3654bcc066d6b3c05ec89340c75c_images.jpg,"1, 2, 20","2, 3, 20","3, 20, 20","2, 20, 20","1, 2, 20"
340,http://assets.myntassets.com/v1/images/style/properties/0c5b2bf7e0492911cfc472ffa2f3ef44_images.jpg,"2, 3, 20","4, 20, 20","1, 20, 20","1, 2, 20","2, 3, 20"
341,http://assets.myntassets.com/v1/images/style/properties/f4f1be177d017ef741aefbb48925e4b7_images.jpg,"2, 3, 20","5, 20, 20","1, 20, 20","2, 20, 20","2, 3, 20"
342,http://assets.myntassets.com/v1/images/style/properties/48674993bc7aa9655e79da82d87857fb_images.jpg,"2, 3, 20","4, 5, 20","1, 2, 20","2, 20, 20","2, 20, 20"
343,http://assets.myntassets.com/v1/images/style/properties/040c6e8554f0f29e38f52fc53a090d7d_images.jpg,"2, 3, 20","2, 3, 20","3, 20, 20","2, 20, 20","2, 20, 20"
344,http://assets.myntassets.com/v1/images/style/properties/70249f9c9d37d5a4697322c99442274c_images.jpg,"1, 2, 20","1, 2, 20","3, 20, 20","2, 20, 20","2, 20, 20"
345,http://assets.myntassets.com/v1/images/style/properties/0f8c620c01625052504c8d0657f99c8f_images.jpg,"2, 3, 4","2, 3, 20","3, 20, 20","2, 20, 20","2, 3, 20"
346,http://assets.myntassets.com/v1/images/style/properties/ae6d62194910a07e0183016fe0088d4a_images.jpg,"3, 4, 20","1, 2, 20","2, 20, 20","2, 20, 20","4, 20, 20"
347,http://assets.myntassets.com/v1/images/style/properties/SDL-by-Sweet-Dreams-Men-Blue---Grey-Pyjama-Set_18cd7ebf416e3a581bb71e477a3b22cf_images.jpg,"2, 3, 20","2, 3, 20","3, 20, 20","1, 20, 20","1, 2, 20"
348,http://assets.myntassets.com/v1/images/style/properties/2f2c6dcff00bf8d1a66fe284c2e92182_images.jpg,"2, 3, 20","3, 4, 20","1, 20, 20","2, 20, 20","3, 4, 20"
349,http://assets.myntassets.com/v1/images/style/properties/9e1e09898d71cb1e3cb46a232eda4617_images.jpg,"2, 3, 20","3, 20, 20","2, 20, 20","2, 20, 20","2, 20, 20"
350,http://assets.myntassets.com/v1/images/style/properties/5cd6afd70f89785225e1c0543d8f55d4_images.jpg,"3, 20, 20","3, 20, 20","3, 20, 20","2, 20, 20","2, 3, 20"
351,http://assets.myntassets.com/v1/images/style/properties/59d716026f1bd14baa30b7af3dac58fa_images.jpg,"2, 3, 20","3, 20, 20","2, 3, 20","2, 20, 20","2, 20, 20"
352,http://assets.myntassets.com/v1/images/style/properties/2c1069672e33545ecf7c3bdcf7c276d8_images.jpg,"2, 3, 20","2, 20, 20","3, 20, 20","2, 20, 20","2, 20, 20"
353,http://assets.myntassets.com/v1/images/style/properties/5824da2955055c4b2893259393ebac06_images.jpg,"3, 20, 20","3, 20, 20","3, 20, 20","2, 20, 20","3, 20, 20"
354,http://assets.myntassets.com/v1/images/style/properties/7149a1d4f836e3abf6f9f14b52f34354_images.jpg,"2, 3, 20","2, 20, 20","3, 20, 20","2, 20, 20","2, 20, 20"
355,http://assets.myntassets.com/v1/images/style/properties/15fcfc98e24bdb3e239d94bae48bfe72_images.jpg,"2, 3, 20","5, 20, 20","3, 20, 20","2, 20, 20","2, 20, 20"
356,http://assets.myntassets.com/v1/images/style/properties/13c95c7864bdd7557f37ab96be7c854d_images.jpg,"2, 3, 4","3, 20, 20","2, 20, 20","2, 3, 20","1, 2, 20"
357,http://assets.myntassets.com/v1/images/style/properties/da8d60d43340503f4f422c732c420584_images.jpg,"3, 4, 20","1, 2, 20","3, 20, 20","2, 3, 20","2, 3, 20"
358,http://assets.myntassets.com/v1/images/style/properties/43689446729c4a4b9f6872f4f31593ce_images.jpg,"3, 4, 20","5, 20, 20","1, 20, 20","2, 20, 20","4, 20, 20"
359,http://assets.myntassets.com/v1/images/style/properties/492e209292dd6cadd3527ad8332ff41b_images.jpg,"2, 3, 20","3, 4, 20","3, 20, 20","2, 20, 20","2, 20, 20"
360,http://assets.myntassets.com/v1/images/style/properties/Basics-Men-Grey-Shirt_9b798a6d6e2b4d37627075dff803bda1_images.jpg,"3, 4, 20","1, 2, 20","1, 20, 20","2, 20, 20","3, 20, 20"
361,http://assets.myntassets.com/v1/images/style/properties/e9e8873e4c036e7f1f498c92dbe0f72e_images.jpg,"2, 3, 20","1, 20, 20","3, 20, 20","2, 20, 20","2, 3, 20"
362,http://assets.myntassets.com/v1/images/style/properties/6d61c93a7b5273145d49ab8a63bcda01_images.jpg,"2, 3, 20","5, 20, 20","3, 20, 20","2, 20, 20","2, 20, 20"
363,http://assets.myntassets.com/v1/images/style/properties/f349739dc05a9f662e0e977837bda6a0_images.jpg,"3, 4, 20","2, 20, 20","1, 20, 20","2, 20, 20","4, 20, 20"
364,http://assets.myntassets.com/v1/images/style/properties/388fac9b69511adcaa473fa2d567389f_images.jpg,"2, 3, 20","1, 20, 20","3, 20, 20","2, 20, 20","2, 20, 20"
365,http://assets.myntassets.com/assets/images/27417/2015/12/2/11449046896367-Jockey-Women-Blue-Relaxed-Capris-1011449046896116-1.jpg,"2, 20, 20","4, 5, 20","1, 20, 20","1, 20, 20","1, 20, 20"
366,http://assets.myntassets.com/v1/images/style/properties/45b559dbabfc2d8159d2f81de7722e24_images.jpg,"2, 3, 20","3, 20, 20","1, 20, 20","2, 20, 20","2, 20, 20"
367,http://assets.myntassets.com/v1/images/style/properties/ec217e05d31457a2a0885eb9848c8b1d_images.jpg,"2, 3, 20","5, 20, 20","1, 2, 20","2, 20, 20","2, 3, 20"
368,http://assets.myntassets.com/v1/images/style/properties/db414aa2ae7194da578f3241cd4d799e_images.jpg,"2, 3, 20","2, 3, 20","1, 2, 20","2, 20, 20","1, 2, 20"
369,http://assets.myntassets.com/v1/images/style/properties/1d48a740b52980e02294280c42140d77_images.jpg,"2, 3, 20","3, 4, 20","1, 20, 20","1, 2, 20","1, 20, 20"
370,http://assets.myntassets.com/v1/images/style/properties/637a8264a75d14644a2605ef24059302_images.jpg,"3, 20, 20","2, 20, 20","1, 2, 20","2, 20, 20","2, 3, 20"
371,http://assets.myntassets.com/v1/images/style/properties/c37cbdf8358102c49c0f5dbe1c0e1856_images.jpg,"2, 3, 20","5, 20, 20","1, 2, 20","2, 20, 20","2, 20, 20"
372,http://assets.myntassets.com/v1/images/style/properties/73c2b0fbfaa86d7a08b668b2e045a455_images.jpg,"2, 3, 20","5, 20, 20","1, 20, 20","2, 20, 20","2, 3, 20"
373,http://assets.myntassets.com/v1/images/style/properties/e656ae2dd568fa7089754f481e93aa03_images.jpg,"2, 3, 20","3, 4, 20","1, 20, 20","2, 20, 20","2, 3, 20"
374,http://assets.myntassets.com/v1/images/style/properties/7d8309d08f2b0a596e0aead25616f5f6_images.jpg,"2, 3, 20","2, 3, 20","1, 2, 20","2, 20, 20","2, 20, 20"
375,http://assets.myntassets.com/v1/images/style/properties/3c9919c2a4f5f59683ab4df140056bad_images.jpg,"2, 3, 20","3, 20, 20","3, 20, 20","2, 20, 20","2, 20, 20"
376,http://assets.myntassets.com/v1/images/style/properties/0e21bf6466c7bea0f9dcf68d5c6699a7_images.jpg,"2, 3, 20","3, 20, 20","3, 20, 20","2, 20, 20","2, 20, 20"
377,http://assets.myntassets.com/v1/images/style/properties/02af1474655c147cf5e825e40e164bb7_images.jpg,"2, 3, 20","2, 3, 20","1, 2, 20","2, 20, 20","2, 20, 20"
378,http://assets.myntassets.com/v1/images/style/properties/86999335a121001cb4cbb3933f59dc6f_images.jpg,"3, 4, 20","3, 20, 20","3, 20, 20","2, 20, 20","2, 20, 20"
379,http://assets.myntassets.com/v1/images/style/properties/2f2060a1d29361249690a5cdc388d30e_images.jpg,"3, 20, 20","1, 4, 20","3, 20, 20","2, 20, 20","2, 3, 20"
380,http://assets.myntassets.com/v1/images/style/properties/389a9352e335fb32fe33c220b75a9757_images.jpg,"2, 3, 20","2, 3, 20","3, 20, 20","2, 20, 20","2, 20, 20"
381,http://assets.myntassets.com/v1/images/style/properties/bf89ea937ddce414bb169e04f3275a24_images.jpg,"3, 4, 20","1, 20, 20","1, 20, 20","2, 20, 20","3, 4, 20"
382,http://assets.myntassets.com/v1/images/style/properties/f657d6abaa8184bc31e80a5e6811da5a_images.jpg,"3, 4, 20","2, 20, 20","2, 3, 20","2, 20, 20","3, 4, 20"
383,http://assets.myntassets.com/v1/images/style/properties/53f6e5d399fc65d449ba08707f8e23f7_images.jpg,"3, 20, 20","3, 4, 20","3, 20, 20","2, 3, 20","3, 20, 20"
384,http://assets.myntassets.com/v1/images/style/properties/6d485a45deddb60888302bc9a03b54ab_images.jpg,"2, 3, 20","4, 5, 20","3, 20, 20","2, 20, 20","2, 20, 20"
385,http://assets.myntassets.com/v1/images/style/properties/69fe2e43895d41920a68d1d73fa8a105_images.jpg,"3, 4, 20","5, 20, 20","1, 20, 20","2, 20, 20","4, 20, 20"
386,http://assets.myntassets.com/v1/images/style/properties/34f96dad3bd9dffd0aa6abac23fc991d_images.jpg,"2, 3, 20","3, 4, 20","2, 20, 20","2, 20, 20","2, 20, 20"
387,http://assets.myntassets.com/assets/images/44581/2016/7/22/11469189950161-Lee-Rinse-Navy-Blue-Slim-Fit-Jeans-7081469189949979-1.jpg,"2, 3, 20","4, 5, 20","1, 20, 20","2, 20, 20","2, 20, 20"
388,http://assets.myntassets.com/v1/images/style/properties/7667d772a8b42e47225ff55050fe02f5_images.jpg,"2, 3, 20","4, 20, 20","1, 2, 20","2, 3, 20","2, 20, 20"
389,http://assets.myntassets.com/v1/images/style/properties/76c2c7156c4514c8eb5ddfcee61a1a95_images.jpg,"2, 3, 20","5, 20, 20","1, 20, 20","2, 20, 20","2, 3, 20"
390,http://assets.myntassets.com/v1/images/style/properties/77607cc2403881e6d26065f9b9d5a6b3_images.jpg,"2, 3, 20","1, 2, 20","3, 20, 20","2, 20, 20","2, 20, 20"
391,http://assets.myntassets.com/v1/images/style/properties/e1d6f6f780723e041abcbaed0101da48_images.jpg,"2, 3, 20","2, 3, 20","2, 3, 20","2, 20, 20","2, 20, 20"
392,http://assets.myntassets.com/v1/images/style/properties/867deac62972bf3dbdb6272b992f6539_images.jpg,"2, 3, 20","3, 4, 20","1, 20, 20","1, 2, 20","2, 20, 20"
393,http://assets.myntassets.com/v1/images/style/properties/17f8d4f1da7e6b75ec40b00c1d708a85_images.jpg,"1, 2, 20","3, 4, 20","3, 20, 20","2, 20, 20","2, 20, 20"
394,http://assets.myntassets.com/v1/images/style/properties/afbcbf0c89d1d773db49a5a13b43de11_images.jpg,"2, 3, 20","4, 5, 20","3, 20, 20","2, 20, 20","2, 20, 20"
395,http://assets.myntassets.com/v1/images/style/properties/08943542fc92fa3df30077ced7837841_images.jpg,"2, 3, 20","3, 20, 20","3, 20, 20","2, 20, 20","2, 20, 20"
396,http://assets.myntassets.com/v1/images/style/properties/3f0a5a37fab872fb002f1e1b754fed94_images.jpg,"2, 3, 20","2, 3, 20","1, 20, 20","2, 20, 20","3, 4, 20"
397,http://assets.myntassets.com/v1/images/style/properties/956f5a417cd60f1bac07de6b11b776a6_images.jpg,"2, 3, 20","5, 20, 20","3, 20, 20","2, 20, 20","2, 3, 20"
398,http://assets.myntassets.com/v1/images/style/properties/Nike-Men-Blue-Windrunner-Jacket_157715f98badcdedb27fbc8deb5d3c3a_images.jpg,"2, 3, 20","4, 5, 20","3, 20, 20","2, 3, 20","1, 2, 20"
399,http://assets.myntassets.com/v1/images/style/properties/a0cf15bf59e0ecb770525eda16653890_images.jpg,"2, 3, 20","2, 3, 20","3, 20, 20","2, 20, 20","2, 20, 20"
400,http://assets.myntassets.com/v1/images/style/properties/6a6f15d767037a3cd81da733a7eddfdf_images.jpg,"2, 3, 20","5, 20, 20","3, 20, 20","2, 3, 20","2, 3, 20"
